"시군구코드","지정년도","지정번호","신청일자","지정일자","업소명","소재지도로명","소재지지번","허가(신고)번호","업태명","주된음식","영업장면적(㎡)","행정동명","급수시설구분","소재지전화번호"
"3210000","2022","3   ","20221001","20221129","서초바다 청조","서울특별시 서초구 서초대로 338, 102호 (서초동)","서울특별시 서초구 서초동  1677번지 8호  -102","3210000-101-2021-00231","한식","","168.29","서초제1동","",""
"3210000","2022","12  ","20221001","20221129","해승어풍","서울특별시 서초구 남부순환로347길 28, 반도빌딩 1층 (서초동)","서울특별시 서초구 서초동  1363번지  반도빌딩 1층","3210000-101-2019-00088","한식","","120.86","서초제2동","",""
"3210000","2022","11  ","20221001","20221129","쌍다리돼지불백 양재점","서울특별시 서초구 언남11길 34-2, 1층 (양재동)","서울특별시 서초구 양재동  268번지  1층","3210000-101-1998-13004","한식","","90.32","양재제2동","상수도전용",""
"3210000","2022","5   ","20221001","20221129","소담비빔국수","서울특별시 서초구 바우뫼로33길 7-8, 1층 (양재동)","서울특별시 서초구 양재동  68번지 7호  1층","3210000-101-2017-00008","한식","","91.95","양재제1동","",""
"3210000","2022","10  ","20221001","20221129","월화당(서래본점)","서울특별시 서초구 사평대로22길 9, 포레스트 1층 (반포동)","서울특별시 서초구 반포동  94번지 13호  포레스트 1층","3210000-101-2016-00364","한식","","152.75","반포제4동","","02  537 9257"
"3210000","2022","9   ","20221001","20221129","주식회사 석안정","서울특별시 서초구 사평대로 349, 서초빌딩 109,110호 (반포동)","서울특별시 서초구 반포동  746번지 9호  서초빌딩","3210000-101-2022-00271","한식","","99.58","반포제2동","",""
"3210000","2022","8   ","20221001","20221129","송학횟집","서울특별시 서초구 법원로3길 12, 승소빌딩 지하1층 (서초동)","서울특별시 서초구 서초동  1706번지 12호  승소빌딩","3210000-101-2020-00492","회집","","433.52","서초제3동","","02  595 8822"
"3210000","2022","6   ","20221001","20221129","망향비빔국수 신사점","서울특별시 서초구 강남대로95길 17, 1층 (잠원동)","서울특별시 서초구 잠원동  29번지 3호  1층","3210000-101-2017-00269","한식","","125.15","잠원동","",""
"3210000","2022","1   ","20221001","20221129","훌탐라수면","서울특별시 서초구 강남대로10길 7, 1층 (양재동)","서울특별시 서초구 양재동  327번지 18호  1층","3210000-101-2005-00324","기타","","188.49","양재제2동","상수도전용",""
"3210000","2022","2   ","20221001","20221129","서래족발","서울특별시 서초구 방배로 189, 1층 (방배동)","서울특별시 서초구 방배동  836번지 5호  1층 남쪽끝","3210000-101-2021-00188","한식","","145.00","서초제3동","",""
"3210000","2022","7   ","20221001","20221129","육목원","서울특별시 서초구 서초대로78길 46, 1층 (서초동)","서울특별시 서초구 서초동  1330번지 15호  1층","3210000-101-1992-05103","한식","","158.33","서초제2동","상수도전용",""
"3210000","2022","4   ","20221001","20221129","부안애서","서울특별시 서초구 청계산로 223, 1층 (신원동)","서울특별시 서초구 신원동  197번지 1호  1층","3210000-101-2021-00279","한식","","148.17","내곡동","",""
"3210000","2021","12  ","20211001","20211214","수하동 서초점","서울특별시 서초구 법원로2길 6, 1층 (서초동)","서울특별시 서초구 서초동  1716번지 5호  1층","3210000-101-1992-05136","한식","","139.00","서초제3동","상수도전용","02533 3933"
"3210000","2021","0003","20211001","20211214","우나기야 주식회사","서울특별시 서초구 서래로8길 6, 4층 (반포동)","서울특별시 서초구 반포동  91번지 1호  4층","3210000-101-2021-00242","일식","","266.44","반포제4동","",""
"3210000","2021","11  ","20211001","20211214","속리산 염소요리 전문점","서울특별시 서초구 법원로3길 24, (서초동,두언빌딩 1층)","서울특별시 서초구 서초동  1708번지 6호  두언빌딩 1층","3210000-101-2007-00103","한식","","172.61","서초제3동","상수도전용","02  595 7760"
"3210000","2021","5   ","20211001","20211214","아비꼬 내방역점","서울특별시 서초구 서초대로25길 23, 1층 101호 (방배동)","서울특별시 서초구 방배동  875번지 20호  1층 101호","3210000-101-2020-00514","일식","","67.00","서초제3동","",""
"3210000","2021","1   ","20211001","20211214","오장동함흥냉면 파미에스테이션점","서울특별시 서초구 사평대로 205, CENTRALCITY 반포천 복개주차장 1층 FP113호 (반포동)","서울특별시 서초구 반포동  118번지 3호  CENTRALCITY 반포천 복개주차장 1층 FP113호","3210000-101-2021-00151","냉면집","","89.90","반포본동","",""
"3210000","2021","8   ","20211001","20211214","비노바인","서울특별시 서초구 반포대로23길 6, 지하1층 (서초동)","서울특별시 서초구 서초동  1540번지 5호  효진빌딩","3210000-101-2021-00011","경양식","","250.00","서초제2동","",""
"3210000","2021","9   ","20211001","20211214","내림손 삼계탕","서울특별시 서초구 반포대로30길 34, 1층 (서초동)","서울특별시 서초구 서초동  1555번지 3호  1층","3210000-101-1991-05420","한식","","197.43","서초제3동","상수도전용","02  525 7789"
"3210000","2021","10  ","20211001","20211214","옛날 손칼국수 전문점","서울특별시 서초구 서초대로53길 20-3, (서초동,1층)","서울특별시 서초구 서초동  1697번지 31호  1층","3210000-101-2011-00170","한식","","148.50","서초제1동","","02  532 6886"
"3210000","2021","6   ","20211001","20211214","우화","서울특별시 서초구 서초대로78길 36, (서초동, B101호 일부)","서울특별시 서초구 서초동  1327번지 13호  B101호 일부","3210000-101-2011-00125","한식","","277.93","서초제2동","",""
"3210000","2021","0002","20211001","20211214","건너편갈비살","서울특별시 서초구 신반포로42길 2, 2층 201,202,203,204,205호 (반포동, NOVA월드)","서울특별시 서초구 반포동  703번지 3호  2층 201,202,203,204,205호","3210000-101-2010-00432","한식","","97.74","반포제1동","",""
"3210000","2021","7   ","20211001","20211214","감선호취","서울특별시 서초구 강남대로53길 11, 1층 103호 (서초동, 서초동삼성쉐르빌2)","서울특별시 서초구 서초동  1330번지  서초동삼성쉐르빌2  1층 103호","3210000-101-2021-00250","한식","","329.39","서초제1동","",""
"3210000","2020","10  ","20201001","20201202","교대 평상집","서울특별시 서초구 서초대로50길 24, 청화빌딩 3층 (서초동)","서울특별시 서초구 서초동  1571번지 18호  3층","3210000-101-2018-00244","한식","","232.88","서초제3동","","02  586 8188"
"3210000","2020","15  ","20201001","20201202","평안도식당 교대지점","서울특별시 서초구 법원로2길 14, 1층 (서초동)","서울특별시 서초구 서초동  1715번지 2호  1층","3210000-101-1991-03813","한식","","99.10","서초제3동","상수도전용","02 568 2357"
"3210000","2020","22  ","20201001","20201202","선화의 고기","서울특별시 서초구 서초대로24길 9, 1층 (방배동)","서울특별시 서초구 방배동  936번지 4호  1층","3210000-101-2006-00485","한식","","111.54","방배제1동","상수도전용","0234732253"
"3210000","2020","31  ","20201001","20201202","사쿠","서울특별시 서초구 나루터로15길 11, 대영빌딩 1층 (잠원동)","서울특별시 서초구 잠원동  14번지 9호  대영빌딩 1층","3210000-101-2006-00221","한식","","79.38","잠원동","상수도전용",""
"3210000","2020","21  ","20201001","20201202","공리특허짬뽕","서울특별시 서초구 방배로26길 8, (방배동)","서울특별시 서초구 방배동  875번지 22호  (1층?)","3210000-101-2009-00557","중국식","","114.68","방배제4동","","0234822973"
"3210000","2020","20  ","20201001","20201202","명인등심","서울특별시 서초구 서초대로 87, 1층 (방배동)","서울특별시 서초구 방배동  872번지 4호  1층","3210000-101-2017-00505","한식","","96.66","방배제4동","","02  592 1951"
"3210000","2020","30  ","20201001","20201202","금강바베큐","서울특별시 서초구 사평대로 349, (반포동)","서울특별시 서초구 반포동  746번지 9호  (104호?)","3210000-101-1994-11711","경양식","","32.01","반포제1동","상수도전용","02 5110976"
"3210000","2020","17  ","20201001","20201202","U-소백산","서울특별시 서초구 강남대로8길 36, (양재동, (지하1층,지상2층))","서울특별시 서초구 양재동  346번지  (지하1층,지상2층)","3210000-101-2011-00527","한식","","578.32","양재제2동","",""
"3210000","2020","29  ","20201001","20201202","스시타노","서울특별시 서초구 서래로5길 30, 2층 (반포동)","서울특별시 서초구 반포동  107번지 32호  2층","3210000-101-2014-00501","한식","","165.64","반포제4동","","02  593 1600"
"3210000","2020","8   ","20201001","20201202","시골집","서울특별시 서초구 반포대로10길 7, 1층 (서초동)","서울특별시 서초구 서초동  1459번지 11호  1층","3210000-101-2010-00019","한식","","147.72","서초제3동","","02  597 0400"
"3210000","2020","6   ","20201001","20201202","한우다이닝울릉(HANWOODINING ULLEUNG)","서울특별시 서초구 서운로 135, 1층,2층 (서초동)","서울특별시 서초구 서초동  1322번지 11호  1층,2층","3210000-101-2017-00090","한식","","532.40","서초제4동","","02  581 2235"
"3210000","2020","14  ","20201001","20201202","서관면옥 교대본점","서울특별시 서초구 서초대로56길 11, 1층 (서초동)","서울특별시 서초구 서초동  1675번지 5호  1층","3210000-101-2018-00250","한식","","152.24","서초제1동","",""
"3210000","2020","27  ","20201001","20201202","휴락담 by 오위소","서울특별시 서초구 서래로 50, 한영빌딩 2층 (반포동)","서울특별시 서초구 반포동  93번지 7호  한영빌딩","3210000-101-2017-00371","경양식","","170.35","반포제4동","","02  545 5224"
"3210000","2020","12  ","20201001","20201202","바른식 시골보쌈 앤 옹심이","서울특별시 서초구 서초대로52길 17, 1층,2층 (서초동)","서울특별시 서초구 서초동  1658번지 1호  1층 2층","3210000-101-1990-05171","한식","","332.85","서초제2동","상수도전용","02 5836431"
"3210000","2020","11  ","20201001","20201202","공항칼국수 서초점","서울특별시 서초구 반포대로30길 53, 조광빌딩 지하1층 (서초동)","서울특별시 서초구 서초동  1572번지 15호  조광빌딩 지하1층","3210000-101-2020-00192","한식","","250.24","서초제3동","","02 5220807"
"3210000","2020","25  ","20201001","20201202","원할머니 보쌈 족발 박가 부대찌개 반포점","서울특별시 서초구 서초중앙로 238, 삼호가든쇼핑센타 지하중층 (반포동)","서울특별시 서초구 반포동  30번지 25호  삼호가든쇼핑센타 지하중층","3210000-101-2018-00052","한식","","104.00","반포제1동","",""
"3210000","2020","24  ","20201001","20201202","아기다람쥐","서울특별시 서초구 서초대로 3-4, 1층 109-1호 (방배동, 방배디오슈페리움Ⅰ)","서울특별시 서초구 방배동  3001번지 2호  방배디오슈페리움Ⅰ 제1층 제109-1호","3210000-101-2011-00162","한식","","113.03","방배제4동","","02  543 8989"
"3210000","2020","9   ","20201001","20201202","공리","서울특별시 서초구 반포대로7길 7, 1층 (서초동)","서울특별시 서초구 서초동  1462번지 1호  1층","3210000-101-1997-06921","중국식","","108.13","서초제3동","상수도전용","02  587 3535"
"3210000","2020","0018","20201001","20201202","만강홍 교대본점","서울특별시 서초구 서초중앙로22길 46, 1층 (서초동)","서울특별시 서초구 서초동  1669번지 8호  1층","3210000-101-2005-00019","중국식","","198.00","서초제1동","상수도전용","02582 2678"
"3210000","2020","0011","20201001","20201202","강남역 모범갈빗살","서울특별시 서초구 서초대로73길 40, 104호 (서초동, 강남오피스텔)","서울특별시 서초구 서초동  1308번지 25호  강남오피스텔-104","3210000-101-2014-00454","한식","","158.62","서초제4동","","02  533 2588"
"3210000","2020","0007","20201001","20201202","개성손만두요리전문점 방배점","서울특별시 서초구 동광로19길 5, 1층 (방배동)","서울특별시 서초구 방배동  793번지 21호  외 1필지 1층","3210000-101-2011-00436","한식","","112.20","방배본동","","02  596 2763"
"3210000","2020","0006","20201202","20201202","방이옥 사당역","서울특별시 서초구 방배천로2안길 7, 1층 (방배동)","서울특별시 서초구 방배동  450번지 26호  ","3210000-101-1994-05400","한식","","158.18","방배제2동","상수도전용","02 5977892"
"3210000","2019","34  ","20191001","20191217","우주","서울특별시 서초구 동광로 106, 2층 (방배동)","서울특별시 서초구 방배동  807번지 9호  2층","3210000-101-2018-00107","한식","","233.00","방배제2동","",""
"3210000","2019","17  ","20191001","20191217","인덕원비빔국수","서울특별시 서초구 남부순환로 2656, 1,2층 (양재동)","서울특별시 서초구 양재동  2번지 36호  1,2층","3210000-101-2019-00453","한식","","285.51","양재제1동","",""
"3210000","2019","8   ","20191001","20191217","영양센타 서초역점","서울특별시 서초구 명달로 130, 1층 (서초동)","서울특별시 서초구 서초동  1505번지 6호  ","3210000-101-2018-00470","호프/통닭","","208.80","서초제3동","","02  34870101"
"3210000","2019","24  ","20191001","20191217","Kelly(켈리)","서울특별시 서초구 방배로42길 20, 1층 (방배동)","서울특별시 서초구 방배동  773번지 5호  1층","3210000-101-2014-00368","경양식","","66.00","방배본동","","02  533 5803"
"3210000","2019","13  ","20191001","20191217","소공동뚝배기집 교대점","서울특별시 서초구 서초대로54길 32, 지하1층 (서초동, 추호주택 )","서울특별시 서초구 서초동  1659번지 17호  추호주택 지하1층","3210000-101-2015-00552","한식","","124.20","서초제1동","","02  586 1962"
"3210000","2019","0008","20191001","20191217","돈선생 방배점","서울특별시 서초구 효령로31길 52, 1층 (방배동)","서울특별시 서초구 방배동  924번지 7호  1층","3210000-101-2002-00023","한식","","100.47","방배본동","",""
"3210000","2019","14  ","20191001","20191217","서초 해물찜","서울특별시 서초구 서초중앙로24길 27, 지하1층 지106,107호 (서초동, 지파이브센트럴프라자)","서울특별시 서초구 서초동  1685번지 8호  지파이브센트럴프라자 B106호, 107호","3210000-101-2017-00207","한식","","146.85","서초제4동","",""
"3210000","2019","0004","20191001","20191217","용이네 정육식당","서울특별시 서초구 방배중앙로 176, 1층 (방배동)","서울특별시 서초구 방배동  769번지 9호  1층","3210000-101-2019-00357","한식","","148.50","방배제2동","",""
"3210000","2019","31  ","20121203","20190228","(주)댓짱돈까스","서울특별시 서초구 방배로6길 13, 파크에비뉴빌딩 1층 (방배동)","서울특별시 서초구 방배동  1021번지 14호  파크에비뉴빌딩 1층","3210000-101-2010-00348","한식","한정식","216.09","방배제3동","",""
"3210000","2019","2   ","20191001","20191217","이자카야 나무  (서초)","서울특별시 서초구 서초대로75길 23, 지하1층~지상4층 (서초동)","서울특별시 서초구 서초동  1307번지 11호  지하1층~지상4층","3210000-101-2016-00102","일식","","788.08","서초제4동","",""
"3210000","2019","36  ","20191001","20191217","원조마산콧털네아구찜","서울특별시 서초구 신반포로47길 118, A동 1층 (잠원동)","서울특별시 서초구 잠원동  20번지 1호  근생빌딩 A동 1층","3210000-101-2007-00502","한식","","165.00","잠원동","상수도전용","02   5111268"
"3210000","2019","29  ","20191001","20191217","만발","서울특별시 서초구 서초대로29길 32, 1층 (방배동)","서울특별시 서초구 방배동  878번지 1호  1층","3210000-101-2007-00386","한식","","142.23","방배제4동","상수도전용","02  535 7456"
"3210000","2019","25  ","20191001","20191217","방배 송이족발","서울특별시 서초구 방배중앙로 166, 1층 (방배동)","서울특별시 서초구 방배동  777번지 5호  1층","3210000-101-2011-00399","한식","","66.70","방배본동","","02  532 9491"
"3210000","2019","0009","20191001","20191217","참치한마리 강남본점","서울특별시 서초구 사평대로56길 8, 양정빌딩 2층 가호 (서초동)","서울특별시 서초구 서초동  1302번지 45호  양정빌딩 2층 가호","3210000-101-2019-00165","일식","","174.90","서초제2동","",""
"3210000","2019","4   ","20191001","20191217","청계숲 양대창","서울특별시 서초구 서초대로78길 52, 강남역 인앤인 1층 101호 (서초동)","서울특별시 서초구 서초동  1330번지 12호  강남역 인앤인 1층 101호","3210000-101-2018-00473","한식","","260.32","서초제2동","",""
"3210000","2019","3   ","20191001","20191217","스시 다미선","서울특별시 서초구 서초대로78길 28, 2층 (서초동, 스퀘어큐브)","서울특별시 서초구 서초동  1327번지 8호  스퀘어큐브 2층","3210000-101-2014-00625","일식","","147.56","서초제2동","","02   5989544"
"3210000","2019","33  ","20191001","20191217","한지박","서울특별시 서초구 고무래로 10-6, (반포동)","서울특별시 서초구 반포동  58번지 6호  ","3210000-101-1994-03053","한식","","86.40","반포제4동","상수도전용",""
"3210000","2019","18  ","20191001","20191217","영동회관","서울특별시 서초구 강남대로30길 28, 103호 (양재동)","서울특별시 서초구 양재동  17번지 1호  -103","3210000-101-2013-00010","한식","","126.93","양재제1동","","02  60840250"
"3210000","2019","5   ","20191001","20191217","진대감 강남역 삼성타운점","서울특별시 서초구 서초대로78길 50, (서초동,우영빌딩 2층)","서울특별시 서초구 서초동  1330번지 13호  우영빌딩 2층","3210000-101-2000-15332","한식","","334.07","서초제2동","","02  587 0073"
"3210000","2019","19  ","20191001","20191217","담소사골순대 이수역점","서울특별시 서초구 서초대로 12, 101동 101호, 102호 (방배동, 세양아르비채)","서울특별시 서초구 방배동  421번지 1호  세양아르비채 101호, 102호","3210000-101-2006-00131","한식","","84.69","서초제3동","상수도전용",""
"3210000","2019","7   ","20191001","20191217","강촌식당 서초점","서울특별시 서초구 효령로 316-1, 1층 (서초동)","서울특별시 서초구 서초동  1443번지 4호  1층","3210000-101-2010-00128","한식","","131.60","서초제1동","",""
"3210000","2018","49  ","20181001","20181218","여의도생고기","서울특별시 서초구 신흥말길 27-9, 1층 (내곡동)","서울특별시 서초구 내곡동  1번지 273호  (지상1층)","3210000-101-2002-00046","분식","","179.08","내곡동","","02 4596707"
"3210000","2018","0013","20181001","20181218","낙원곱창 사당역점","서울특별시 서초구 방배천로2길 12, 1층 (방배동)","서울특별시 서초구 방배동  446번지 2호  1층","3210000-101-2018-00093","한식","","282.53","방배제2동","","02  34823788"
"3210000","2018","0020","20181001","20181218","매일향","서울특별시 서초구 동광로 67, 1층 (방배동)","서울특별시 서초구 방배동  795번지 24호  1층","3210000-101-2008-00409","중국식","","202.28","방배본동","","02  534 8385"
"3210000","2018","0026","20181001","20181218","순남시래기 방배점","서울특별시 서초구 방배로 121, 1층 (방배동)","서울특별시 서초구 방배동  925번지 6호  1층","3210000-101-2015-00407","한식","","126.17","방배제1동","",""
"3210000","2018","0024","20181001","20181218","CARNE BRASIL GRILL (까르니 브라질 그릴)","서울특별시 서초구 방배로 83-9, 5층 (방배동)","서울특별시 서초구 방배동  909번지 4호  5층","3210000-101-2005-00491","경양식","","95.59","방배제1동","상수도전용",""
"3210000","2018","0033","20181001","20181218","돼지띠식당 서초점","서울특별시 서초구 효령로 428, (서초동)","서울특별시 서초구 서초동  1340번지 2호  (1층?)","3210000-101-1998-12983","한식","","138.65","서초제2동","상수도전용","02 5986800"
"3210000","2018","0031","20181001","20181218","해우담 서초본점","서울특별시 서초구 강남대로 349, 지하1층 (서초동, 우남빌딩)","서울특별시 서초구 서초동  1329번지 4호  우남빌딩 지하1층","3210000-101-2012-00258","한식","","487.14","서초제2동","","02  597 4997"
"3210000","2018","0040","20181001","20181218","디토","서울특별시 서초구 명달로 94, (주)삼성출판사 사옥 1층 (서초동)","서울특별시 서초구 서초동  1516번지 2호  (주)삼성출판사 사옥","3210000-101-2018-00125","경양식","","361.00","서초제3동","","0234717022"
"3210000","2018","0042","20181001","20181218","홍.낙.제","서울특별시 서초구 서초중앙로26길 17, (서초동,1층)","서울특별시 서초구 서초동  1697번지 16호  1층","3210000-101-2005-00389","한식","","199.55","서초제4동","상수도전용","0234823661"
"3210000","2018","34  ","20181001","20181218","한우플러스","서울특별시 서초구 서초대로46길 109, 2층 (서초동, 지산빌딩)","서울특별시 서초구 서초동  1576번지 9호  지산빌딩 2층","3210000-101-1994-10613","경양식","","131.70","서초제3동","상수도전용","02 5323108"
"3210000","2018","50  ","20181001","20181218","피노","서울특별시 서초구 신흥말길 84, 1층 (내곡동)","서울특별시 서초구 내곡동  1번지 2299호  1층","3210000-101-2012-00515","한식","연잎밥","152.75","내곡동","",""
"3210000","2018","63  ","20181001","20181218","한촌설렁탕 사당역점","서울특별시 서초구 방배천로 36, 삼남빌딩 1층 (방배동)","서울특별시 서초구 방배동  453번지 24호  삼남빌딩 1층","3210000-101-2018-00374","한식","","176.50","방배제2동","",""
"3210000","2018","8   ","20181001","20181218","(주)이춘복스시강남","서울특별시 서초구 강남대로61길 13, 1층 2층 (서초동)","서울특별시 서초구 서초동  1317번지  1층 2층","3210000-101-2016-00120","일식","","448.50","서초제4동","",""
"3210000","2018","64  ","20181001","20181218","하우스(HOUSE)","서울특별시 서초구 효령로4길 7, (방배동)","서울특별시 서초구 방배동  477번지 10호  (1층?)","3210000-101-1997-13296","경양식","","58.59","방배제3동","상수도전용","0234861015"
"3210000","2018","0048","20181001","20181218","동신참치양재직영점","서울특별시 서초구 강남대로 213, 지하1층 (양재동)","서울특별시 서초구 양재동  24번지  스포타임 엘타워","3210000-101-1994-09133","일식","","114.54","양재제1동","상수도전용",""
"3210000","2018","0046","20181001","20181218","The Park(뷔페식당)","서울특별시 서초구 바우뫼로12길 70, 2층 (양재동, 더케이서울호텔)","서울특별시 서초구 양재동  202번지  외 3필지 더케이서울호텔 2층","3210000-101-1991-11077","경양식","","499.37","양재제2동","상수도전용","02 5269434"
"3210000","2018","51  ","20181001","20181218","목우촌마을 청계산점","서울특별시 서초구 원터길 20, 1층 (원지동)","서울특별시 서초구 원지동  375번지  1층","3210000-101-2004-00410","한식","","97.95","양재제2동","",""
"3210000","2018","24  ","20181001","20181218","자인뭉티기","서울특별시 서초구 강남대로37길 24-7, 1층 (서초동)","서울특별시 서초구 서초동  1363번지 7호  1층","3210000-101-2003-00579","한식","","148.50","서초제2동","상수도전용","02  597 2158"
"3210000","2018","0050","20181001","20181218","행복밥상","서울특별시 서초구 마방로10길 18-15, 극동빌딩 1층 2호 (양재동)","서울특별시 서초구 양재동  267번지 2호  1층2호 극동빌딩","3210000-101-2021-00425","한식","","27.36","양재제2동","",""
"3210000","2018","13  ","20181001","20181218","모랑 강남점","서울특별시 서초구 강남대로 359, 212호 (서초동, 대우도씨에빛2)","서울특별시 서초구 서초동  1328번지 11호  대우도씨에빛2-212","3210000-101-2010-00428","한식","","47.95","서초제2동","",""
"3210000","2018","53  ","20181001","20181218","조선면옥","서울특별시 서초구 원터2길 2, (원지동,2층)","서울특별시 서초구 원지동  379번지 4호  2층","3210000-101-2005-00282","한식","","266.00","양재제2동","상수도전용","0220575526"
"3210000","2018","15  ","20181001","20181218","더하누","서울특별시 서초구 서초대로74길 49, 101,102,109,111,112,113,114호 (서초동, 아루누보씨티2)","서울특별시 서초구 서초동  1330번지 4호  아루누보씨티2 101,102,109,111,112,113,114호","3210000-101-2014-00265","한식","","321.97","서초제2동","","02  584 9392"
"3210000","2018","25  ","20181001","20181218","청정횟집","서울특별시 서초구 남부순환로350길 75, 2층 (양재동)","서울특별시 서초구 양재동  10번지 41호  2층","3210000-101-2015-00376","한식","","82.60","양재제1동","","02  581 5886"
"3210000","2018","5   ","20131230","20180123","강남역 파스타","서울특별시 서초구 서초대로73길 24, (서초동)","서울특별시 서초구 서초동  1307번지 4호  ","3210000-101-1988-10894","경양식","스테이크","477.02","서초제4동","상수도전용","02  34820959"
"3210000","2018","39  ","20181001","20181218","전주가","서울특별시 서초구 법원로1길 1, 서호빌딩 지하1층 103호 (서초동)","서울특별시 서초구 서초동  1717번지 4호  지하1층-103","3210000-101-2018-00304","한식","","0.00","서초제3동","","02  594 5588"
"3210000","2018","21  ","20181001","20181218","부안애서","서울특별시 서초구 남부순환로347길 101, 1층 103호 (서초동)","서울특별시 서초구 서초동  1341번지 7호  1층 103호","3210000-101-2015-00491","한식","","155.00","서초제2동","",""
"3210000","2018","26  ","20181001","20181218","순남시래기","서울특별시 서초구 강남대로39길 15-10, 지하1층 103-1호 (서초동, 한라비발디스튜디오193)","서울특별시 서초구 서초동  1363번지 25호  지하1층 103-1호","3210000-101-2015-00244","한식","","130.81","서초제2동","",""
"3210000","2018","41  ","20181001","20181218","청정해참치","서울특별시 서초구 강남대로 221, (양재동,환승주차장 201호)","서울특별시 서초구 양재동  23번지 0호  환승주차장 201호","3210000-101-2000-14809","일식","","39.66","양재제1동","","02  577 4419"
"3210000","2018","27  ","20181001","20181218","수미관","서울특별시 서초구 서초중앙로2길 38, 1층 (서초동)","서울특별시 서초구 서초동  1427번지 5호  1층","3210000-101-2011-00139","한식","","297.00","서초제1동","","02  582 0707"
"3210000","2018","54  ","20181001","20181218","유라 한정식","서울특별시 서초구 원터길 22, 1층 (원지동)","서울특별시 서초구 원지동  375번지 5호  1층","3210000-101-2015-00556","한식","","131.85","양재제2동","","02574 2101"
"3210000","2018","28  ","20181001","20181218","부일갈비","서울특별시 서초구 서초중앙로2길 42, 101호 (서초동)","서울특별시 서초구 서초동  1427번지 6호  -101","3210000-101-2012-00019","한식","","263.36","서초제1동","","02  585 3112"
"3210000","2018","43  ","20181001","20181218","디오디아(DIODIA)","서울특별시 서초구 강남대로 213, 5층 (양재동, 스포타임)","서울특별시 서초구 양재동  24번지  스포타임 5층","3210000-101-2008-00349","뷔페식","","1639.55","양재제1동","","02  526 0337"
"3210000","2018","29  ","20181001","20181218","신박사 콩사랑","서울특별시 서초구 반포대로23길 30, 1층 (서초동)","서울특별시 서초구 서초동  1503번지 15호  1층","3210000-101-2013-00434","한식","","115.50","서초제3동","","02  588 8862"
"3210000","2018","31  ","20100412","20180627","초원복집","서울특별시 서초구 서초대로46길 16, 1층 (서초동)","서울특별시 서초구 서초동  1552번지 18호  1층","3210000-101-1998-12854","복어취급","복요리","100.42","서초제3동","상수도전용","02 5983654"
"3210000","2018","47  ","20181001","20181218","사랑채","서울특별시 서초구 언남길 15-6, (양재동,1층)","서울특별시 서초구 양재동  320번지 4호  1층","3210000-101-2010-00569","한식","","243.69","양재제1동","","02  572 0352"
"3210000","2018","48  ","20181001","20181218","소호정","서울특별시 서초구 논현로 27, (양재동,(1,2층))","서울특별시 서초구 양재동  392번지 11호  (1,2층)","3210000-101-1995-07341","분식","","216.29","양재제2동","상수도전용","02 5797282"
"3210000","2018","57  ","20181001","20181218","동지섣달 꽃본듯이","서울특별시 서초구 원터6길 3, (원지동,지상 2층)","서울특별시 서초구 원지동  419번지  지상 2층","3210000-101-2004-00409","한식","","92.40","양재제2동","상수도전용","02 5719334"
"3210000","2018","58  ","20181001","20181218","곤드레집","서울특별시 서초구 청룡마을1길 1, 1층,2층 (신원동)","서울특별시 서초구 신원동  195번지 16호  1층,2층","3210000-101-1994-02920","한식","","155.00","내곡동","상수도전용","02 5744542"
"3210000","2018","59  ","20181001","20181218","삼소락","서울특별시 서초구 방배천로 17, 1층 (방배동, 주건축물제1동)","서울특별시 서초구 방배동  444번지 2호  1층, 주건축물제1동","3210000-101-2017-00427","한식","","165.05","방배제2동","",""
"3210000","2018","73  ","20181001","20181218","방배명가","서울특별시 서초구 서초대로23길 21, 1층 (방배동)","서울특별시 서초구 방배동  873번지 20호  1층","3210000-101-1999-14473","한식","","77.54","방배제4동","상수도전용","02  569 2885"
"3210000","2018","65  ","20181218","20181218","우면산","서울특별시 서초구 효령로2길 5, 1층 (방배동)","서울특별시 서초구 방배동  478번지 5호  1층","3210000-101-1999-00320","한식","","42.34","방배제3동","상수도전용","02 5235350"
"3210000","2018","87  ","20181001","20181218","하남돼지집 반포점","서울특별시 서초구 고무래로8길 4, 1층 (반포동)","서울특별시 서초구 반포동  55번지 7호  1층","3210000-101-2015-00602","경양식","","158.40","반포제4동","","02  537 6282"
"3210000","2018","67  ","20181001","20181218","댓짱돈까스","서울특별시 서초구 방배중앙로 204, 1층 101호, 102호, 106호 (방배동, 리첸시아방배)","서울특별시 서초구 방배동  755번지 14호  1층, 101호,102호,106호","3210000-101-2017-00335","한식","","140.75","방배본동","","02  534 7009"
"3210000","2018","74  ","20181001","20181218","마초셰프","서울특별시 서초구 서초대로25길 8, 1층 (방배동)","서울특별시 서초구 방배동  876번지 19호  1층","3210000-101-2014-00527","경양식","","53.69","방배제4동","",""
"3210000","2018","69  ","20181001","20181218","김대감봉평메밀촌","서울특별시 서초구 방배중앙로 161, 2층 (방배동)","서울특별시 서초구 방배동  778번지 11호  2층","3210000-101-1993-12193","한식","","131.04","방배제2동","상수도전용","02  34770270"
"3210000","2018","70  ","20181001","20181218","방배골숯불갈비","서울특별시 서초구 방배중앙로29길 21, 101호 (방배동)","서울특별시 서초구 방배동  763번지 32호  -101","3210000-101-2009-00250","한식","","84.00","방배본동","","02  34821527"
"3210000","2018","86  ","20181001","20181218","경복궁 서초점","서울특별시 서초구 서초중앙로 195, 3,4층 (반포동)","서울특별시 서초구 반포동  44번지 4호  ~6호 3, 4층","3210000-101-2012-00228","한식","","1100.10","반포제4동","","02  34823030"
"3210000","2018","75  ","20181001","20181218","서리풀 명가","서울특별시 서초구 서초대로25길 16-1, 1층 (방배동)","서울특별시 서초구 방배동  876번지 9호  1층","3210000-101-2014-00500","한식","","195.49","방배제4동","","02  535 3692"
"3210000","2018","80  ","20181001","20181218","방배순대국","서울특별시 서초구 효령로31길 46, 1층 (방배동)","서울특별시 서초구 방배동  924번지 9호  1층","3210000-101-1998-12947","한식","","38.88","방배제1동","상수도전용","02 5989597"
"3210000","2018","91  ","20181001","20181218","서래말 면옥집","서울특별시 서초구 사평대로26길 47, 2층 (반포동)","서울특별시 서초구 반포동  72번지 10호  2층","3210000-101-2018-00340","한식","","165.62","반포제4동","","02  596 3450"
"3210000","2018","82  ","20181001","20181218","정담남원추어탕","서울특별시 서초구 방배로15길 14, 1층 (방배동)","서울특별시 서초구 방배동  926번지 27호  1층","3210000-101-2013-00316","한식","","89.49","방배제1동","",""
"3210000","2018","100 ","20181001","20181218","더가든 키친","서울특별시 서초구 강남대로107길 6, 1동 1층 (잠원동, 더리버사이드호텔 )","서울특별시 서초구 잠원동  6번지 1호 1 더리버사이드호텔 1층(지하 1층?)","3210000-101-2010-00232","뷔페식","","1839.21","잠원동","","02  67101827"
"3210000","2018","83  ","20181001","20181218","미나토","서울특별시 서초구 방배로23길 19, 1층 (방배동)","서울특별시 서초구 방배동  935번지 2호  1층","3210000-101-2015-00503","한식","","97.68","방배제1동","",""
"3210000","2018","94  ","20181001","20181218","서래횟집","서울특별시 서초구 서래로5길 17, 1층 (반포동)","서울특별시 서초구 반포동  104번지 2호  1층","3210000-101-1999-14160","한식","","63.20","반포제4동","상수도전용","02  532 1573"
"3210000","2018","84  ","20181001","20181218","김영희 강남동태찜 이수점","서울특별시 서초구 서초대로 3-4, (방배동,방배디오슈페리움 1차 B117~119, B122~126호)","서울특별시 서초구 방배동  3001번지 2호  방배디오슈페리움 1차 B117~119, B122~126호","3210000-101-2008-00424","한식","","191.60","서초제3동","",""
"3210000","2018","85  ","20181001","20181218","수라빔","서울특별시 서초구 신반포로 176, 1층중층 M8호 (반포동, 센트럴시티)","서울특별시 서초구 반포동  19번지 3호  1층중층 M8호 센트럴시티","3210000-101-2016-00160","한식","","118.68","반포제4동","",""
"3210000","2018","101 ","20181001","20181218","이모 전주콩나물 국밥","서울특별시 서초구 강남대로99길 9, 2층 (잠원동)","서울특별시 서초구 잠원동  21번지 1호  2층","3210000-101-2010-00508","중국식","","170.91","잠원동","",""
"3210000","2018","95  ","20181001","20181218","(주)톰볼라","서울특별시 서초구 서래로7길 16, 1층 101호 (반포동)","서울특별시 서초구 반포동  106번지 8호  1층 101호","3210000-101-2003-00083","경양식","","53.20","반포제4동","상수도전용","02  593 4660"
"3210000","2018","96  ","20181001","20181218","주미요","서울특별시 서초구 사평대로18길 5, 위너스빌 1층 (반포동)","서울특별시 서초구 반포동  107번지 9호  1층, 위너스빌","3210000-101-2017-00508","중국식","","131.18","반포본동","","02  599 1988"
"3210000","2018","56  ","20181218","20181218","소담채","서울특별시 서초구 원터6길 5, (원지동,지하1층, 1층, 2층)","서울특별시 서초구 원지동  419번지 1호  지하1층, 1층, 2층","3210000-101-2006-00117","한식","","231.45","양재제2동","상수도전용","02 5740764"
"3210000","2018","55  ","20181001","20181218","들밥 나들이","서울특별시 서초구 원터길 19, (원지동)","서울특별시 서초구 원지동  414번지 10호  (1층?)","3210000-101-1995-02638","한식","","120.73","양재제2동","상수도전용","02 5749949"
"3210000","2017","0006","20171001","20171013","델리세","서울특별시 서초구 동광로 106, (방배동)","서울특별시 서초구 방배동  807번지 9호  ","3210000-101-2015-00061","까페","","231.11","방배제4동","",""
"3210000","2017","0010","20171001","20171013","일품헌","서울특별시 서초구 남부순환로 2634-27, 가동 1층,2층 (양재동, 성원빌딩)","서울특별시 서초구 양재동  1번지 28호  성원빌딩 가동 1층,2층","3210000-101-2013-00432","중국식","","662.50","양재제1동","",""
"3210000","2017","0009","20171001","20171013","빛고을으뜸추어탕","서울특별시 서초구 서초중앙로26길 13, 1층 (서초동)","서울특별시 서초구 서초동  1697번지 15호  1층","3210000-101-2016-00171","한식","","251.19","서초제4동","","02  537 0156"
"3210000","2017","0002","20171001","20171013","원당감자탕","서울특별시 서초구 방배천로4길 9, 2층 3층 (방배동)","서울특별시 서초구 방배동  451번지 8호  2층 3층","3210000-101-2007-00522","한식","","235.24","방배제2동","상수도전용",""
"3210000","2017","0001","20171001","20171013","여진족","서울특별시 서초구 방배천로4안길 12, 1층, 지하1층 (방배동)","서울특별시 서초구 방배동  451번지 5호  1층, 지하1층","3210000-101-2010-00013","한식","","265.60","방배제2동","",""
"3210000","2017","0003","20171001","20171013","신의주찹쌀순대&숯불갈비","서울특별시 서초구 방배천로6길 3-12, (방배동,(1층))","서울특별시 서초구 방배동  453번지 23호  (1층)","3210000-101-1999-00020","한식","","61.71","방배제2동","상수도전용","02 5250041"
"3210000","2017","0008","20171001","20171013","육갑식당","서울특별시 서초구 강남대로47길 20, (서초동)","서울특별시 서초구 서초동  1340번지 14호  ","3210000-101-2001-15762","한식","","75.90","서초제2동","",""
"3210000","2017","0007","20171001","20171013","두껍삼 강남직영점","서울특별시 서초구 서초대로78길 44, 1층 (서초동)","서울특별시 서초구 서초동  1330번지 16호  1층 (101호?)","3210000-101-2010-00449","한식","","435.40","서초제1동","","02  585 3592"
"3210000","2017","0004","20171001","20171013","임금님밥상","서울특별시 서초구 동광로11길 97, A동 1층 (방배동)","서울특별시 서초구 방배동  762번지 16호  A동 1층","3210000-101-2015-00523","한식","","86.40","방배본동","","02  535 5338"
"3210000","2017","0005","20171001","20171013","장수원","서울특별시 서초구 방배중앙로 153, 지하1층,1층,2층 (방배동)","서울특별시 서초구 방배동  778번지 27호  지하1층,1층,2층","3210000-101-2006-00044","한식","","764.69","방배본동","상수도전용","02 5322225"
"3210000","2016","0011","20160302","20160718","춘향골 추어탕","서울특별시 서초구 서운로11길 10, 1층 (서초동)","서울특별시 서초구 서초동  1342번지 7호  1층","3210000-101-2004-00182","한식","","277.28","서초제2동","상수도전용","0234720050"
"3210000","2016","0017","20160302","20160718","우밀면옥 교대점","서울특별시 서초구 법원로2길 15, 1층 104호 (서초동, 길도 BD )","서울특별시 서초구 서초동  1713번지 4호  길도 BD 1층-104","3210000-101-2012-00052","한식","","287.26","서초제3동","","02  596 3770"
"3210000","2016","0019","20160302","20160718","황태마을","서울특별시 서초구 바우뫼로2길 68, (우면동)","서울특별시 서초구 우면동  13번지 9호  ","3210000-101-1989-04528","한식","","64.26","양재제1동","상수도전용",""
"3210000","2016","0015","20160302","20160718","포메인서초점","서울특별시 서초구 반포대로 104, 1층 (서초동)","서울특별시 서초구 서초동  1543번지 8호  1층 102호?","3210000-101-2010-00205","한식","","133.00","서초제2동","","02  521 0722"
"3210000","2016","0018","20160302","20160718","영주축협 한우프라자 청계산역점","서울특별시 서초구 청계산로 197, 4층, 5층 (신원동)","서울특별시 서초구 신원동  270번지 10호  4층, 5층","3210000-101-2016-00107","한식","","1350.62","내곡동","","579 9292"
"3210000","2016","0012","20160302","20160718","da Pitta(다 피타)","서울특별시 서초구 효령로 202, 1층 (서초동)","서울특별시 서초구 서초동  1487번지 3호  1층","3210000-101-2014-00308","경양식","","78.54","서초제3동","","02   5231547"
"3210000","2016","0016","20160302","20160718","리향","서울특별시 서초구 반포대로28길 15, 2층 (서초동)","서울특별시 서초구 서초동  1552번지 7호  2층","3210000-101-2001-15747","중국식","","212.21","서초제3동","","02  523 3580"
"3210000","2016","0003","20151119","20160720","어랑 생선밥상","서울특별시 서초구 사평대로55길 21-2, 1층 (반포동)","서울특별시 서초구 반포동  739번지 19호  1층","3210000-101-1992-07555","한식","생선구이","87.23","반포제1동","상수도전용","02 5163690"
"3210000","2016","0006","20160301","20160718","도쿄하나 사당점","서울특별시 서초구 방배천로 11, 3층 301호내 2호 (방배동, SK리더스뷰)","서울특별시 서초구 방배동  444번지 3호  ","3210000-101-2015-00074","일식","","549.89","방배제2동","",""
"3210000","2016","0010","20160301","20160718","됐소 강남","서울특별시 서초구 서초대로78길 46, 2층, 3층 (서초동)","서울특별시 서초구 서초동  1330번지 15호  ","3210000-101-2015-00095","한식","","637.20","서초제2동","",""
"3210000","2016","0014","20160302","20160718","울돌목 가는길","서울특별시 서초구 서초대로40길 41, 지하1층 (서초동)","서울특별시 서초구 서초동  1540번지 1호  ","3210000-101-2015-00105","한식","","638.95","서초제3동","",""
"3210000","2016","0009","20160301","20160718","서울집","서울특별시 서초구 서운로 220, 1층 5호,6호 (서초동, 대지프라자)","서울특별시 서초구 서초동  1302번지 2호  1층 5호, 6호 대지프라자","3210000-101-2016-00040","한식","","82.50","서초제4동","",""
"3210000","2016","0008","20160301","20160718","미방","서울특별시 서초구 방배중앙로 156, 1층 (방배동)","서울특별시 서초구 방배동  777번지 20호  1층","3210000-101-2015-00287","한식","","133.56","방배본동","","02  533 3660"
"3210000","2016","0013","20160302","20160718","다피타(da pitta)","서울특별시 서초구 반포대로23길 32, 1층 101호 (서초동)","서울특별시 서초구 서초동  1503번지 16호  ","3210000-101-2015-00191","경양식","","102.50","서초제3동","","02  521 5147"
"3210000","2016","0007","20160301","20160718","삼육가 사당역1호점","서울특별시 서초구 방배천로 10, 1층 (방배동)","서울특별시 서초구 방배동  450번지 16호  1층","3210000-101-2013-00022","한식","","278.46","방배제2동","",""
"3210000","2016","0005","20160301","20160718","오동도 산아나고 숯불구이","서울특별시 서초구 서초대로 3-4, 103호, 103-1호 (방배동, 방배디오슈페리움1)","서울특별시 서초구 방배동  3001번지 2호  103호, 103-1호","3210000-101-2015-00020","한식","","65.84","방배제4동","",""
"3210000","2016","0004","20151120","20160718","육갑식당","서울특별시 서초구 서래로 33, 2층 (반포동)","서울특별시 서초구 반포동  95번지 7호  2층","3210000-101-2015-00367","한식","","114.88","반포제1동","",""
"3210000","2015","10  ","20141231","20150225","묘오또","서울특별시 서초구 방배로28길 16, (방배동,1층)","서울특별시 서초구 방배동  850번지 1호  1층(104호?)","3210000-101-2009-00120","한식","돈가스, 우동","99.00","방배제4동","","02  536 5980"
"3210000","2015","23  ","20141231","20150225","서울만남의광장휴게소 한식당","서울특별시 서초구 양재대로12길 73-71, (원지동, 서울만남의광장휴게소 한식당)","서울특별시 서초구 원지동  10번지 16호  서울만남의광장휴게소 한식당","3210000-101-2014-00230","한식","국밥, 찌개","91.24","양재제2동","","02  578 3372"
"3210000","2015","24  ","20141231","20150225","맷돌로만청계산점","서울특별시 서초구 청룡마을3길 11, (신원동)","서울특별시 서초구 신원동  192번지 12호  ","3210000-101-1994-03576","한식","곤드레나물","106.00","내곡동","상수도전용","02 5749691"
"3210000","2015","18  ","20141231","20150225","리차이","서울특별시 서초구 서초대로25길 17, (방배동,1층)","서울특별시 서초구 방배동  875번지 15호  1층","3210000-101-2005-00188","중국식","짬뽕","113.22","방배제4동","상수도전용",""
"3210000","2015","5   ","20141231","20150225","서초갈비","서울특별시 서초구 반포대로 12, 2층 (서초동)","서울특별시 서초구 서초동  1451번지 77호  2층","3210000-101-2013-00182","한식","등심","187.21","서초제3동","","02  582 2988"
"3210000","2015","0028","20141001","20150225","방배본가면옥","서울특별시 서초구 방배로 41, 방배홈스텔 1층 102호 (방배동)","서울특별시 서초구 방배동  1031번지 2호  방배홈스텔 1층 102호","3210000-101-2021-00185","한식","","160.50","서초제3동","",""
"3210000","2015","2   ","20141231","20150225","만다린","서울특별시 서초구 강남대로51길 5, 3층 (서초동)","서울특별시 서초구 서초동  1338번지 10호  3층전체","3210000-101-2013-00519","중국식","해뭉짬뽕, 찹쌀탕수육","136.82","서초제2동","",""
"3210000","2015","26  ","20141231","20150225","효소원 순두부와 청국장 그리고 전","서울특별시 서초구 효령로34길 12, 1층 (방배동)","서울특별시 서초구 방배동  983번지 8호  1층","3210000-101-2013-00480","한식","청국장","190.80","방배제3동","","02  34713355"
"3210000","2015","27  ","20141231","20150225","홍천한우","서울특별시 서초구 효령로55길 47, (서초동,2층일부,3층일부)","서울특별시 서초구 서초동  1595번지 8호  2층일부,3층일부","3210000-101-2007-00517","한식","등심","272.46","서초제3동","상수도전용",""
"3210000","2015","20  ","20141231","20150225","엉터리생고기 교대역점","서울특별시 서초구 서초대로55길 3, 1층 (서초동, 애니빌딩)","서울특별시 서초구 서초동  1696번지 13호  애니빌딩1층","3210000-101-2013-00047","한식","삼겹살","190.74","서초제4동","",""
"3210000","2014","0026","20131230","20140121","국수명가","서울특별시 서초구 효령로53길 14, (서초동)","서울특별시 서초구 서초동  1588번지 13호  ","3210000-101-2009-00293","분식","국수","55.00","서초제1동","",""
"3210000","2014","0008","20131230","20140121","방배 육감","서울특별시 서초구 효령로 19, 1,2층 (방배동, 지상)","서울특별시 서초구 방배동  475번지 29호  지상1층,2층","3210000-101-2003-00569","한식","생고기","264.00","방배제2동","상수도전용","02 5848008"
"3210000","2014","0021","20131230","20140121","장꼬방","서울특별시 서초구 강남대로61길 27, 1층 (서초동)","서울특별시 서초구 서초동  1316번지  1층","3210000-101-2013-00051","한식","단팥죽","115.50","서초제4동","","5975511"
"3210000","2014","0030","20131230","20140121","램하우스 서초법원점","서울특별시 서초구 법원로2길 15, (서초동,,5,6 (202호))","서울특별시 서초구 서초동  1713번지 4호  ,5,6 (202호)","3210000-101-1999-14598","한식","양갈비","196.00","서초제3동","상수도전용","02  34760678"
"3210000","2014","0002","20131230","20140121","임광루","서울특별시 서초구 방배로 28, 1층 9호, 1층 10호 (방배동)","서울특별시 서초구 방배동  1024번지 4호  1층 9호, 1층 10호","3210000-101-1986-12648","중국식","짜장면","120.48","방배제3동","상수도전용","02 5832460"
"3210000","2014","0005","20131230","20140121","사조참치(사당역점)","서울특별시 서초구 방배천로2길 12, 지하1층 (방배동)","서울특별시 서초구 방배동  446번지 2호  지하1층","3210000-101-2004-00516","일식","참치회","309.00","방배제2동","상수도전용","02 5236784"
"3210000","2014","0010","20131230","20140121","소소정","서울특별시 서초구 동광로 68, 1층 (방배동)","서울특별시 서초구 방배동  813번지 8호  1층","3210000-101-2006-00355","한식","콩나물국밥","74.38","방배제4동","상수도전용",""
"3210000","2014","0024","20131230","20140121","서초LA","서울특별시 서초구 반포대로21길 36, (서초동)","서울특별시 서초구 서초동  1511번지 12호  ","3210000-101-2011-00345","한식","감자탕","109.10","서초제3동","","02  521 1727"
"3210000","2014","0033","20140101","20140121","명선헌","서울특별시 서초구 서운로 39, 원진빌딩 지하1층 (서초동)","서울특별시 서초구 서초동  1344번지 12호  지하1층","3210000-101-2019-00338","한식","","287.06","서초제2동","","02587 2942"
"3210000","2014","0032","20140102","20140121","제주흑다돈 강남직영점","서울특별시 서초구 강남대로65길 10, 1층 (서초동)","서울특별시 서초구 서초동  1308번지 15호  1층","3210000-101-2021-00290","한식","","212.54","서초제1동","","02  84822090"
"3210000","2014","0034","20140102","20140121","함평한우 고깃집","서울특별시 서초구 효령로49길 15, 1층 (서초동)","서울특별시 서초구 서초동  1531번지 8호  1층","3210000-101-2020-00366","한식","","234.60","서초제1동","",""
"3210000","2014","0004","20131230","20140121","방배골","서울특별시 서초구 동광로 7-4, (방배동)","서울특별시 서초구 방배동  2096번지  ","3210000-101-1997-13233","한식","등심","73.38","방배제4동","상수도전용","02 5952116"
"3210000","2013","1323","20130102","20130218","양모리 양대창","서울특별시 서초구 방배로 174, 107호 (방배동)","서울특별시 서초구 방배동  851번지 6호  107호","3210000-101-1989-04044","한식","","138.60","방배제4동","상수도전용","02  532 8125"
"3210000","2013","1314","20121217","20130218","민어사랑","서울특별시 서초구 효령로 182-8, 1층 (방배동)","서울특별시 서초구 방배동  1001번지 9호  1층","3210000-101-2012-00090","한식","민어탕","162.50","방배제3동","",""
"3210000","2013","1324","20130102","20130218","강남따로국밥","서울특별시 서초구 신반포로47길 118, 2층 (잠원동, 근생빌딩A동)","서울특별시 서초구 잠원동  20번지 1호  근생빌딩A동 2층","3210000-101-2017-00057","한식","","165.00","잠원동","",""
"3210000","2013","1302","20121207","20130218","송쉐프","서울특별시 서초구 남부순환로339길 33, (서초동)","서울특별시 서초구 서초동  1431번지 14호  ","3210000-101-2010-00316","중국식","자장면, 짬뽕 등","116.49","서초제1동","","02 5257771"
"3210000","2013","1322","20121231","20130218","어진","서울특별시 서초구 강남대로18길 15-11, 1,2층 (양재동)","서울특별시 서초구 양재동  242번지 4호  ","3210000-101-2003-00057","한식","해물탕","222.40","양재제2동","상수도전용","02  20582933"
"3210000","2013","1309","20121224","20130218","한국회관","서울특별시 서초구 사평대로18길 10, (반포동,가동 1층,2층)","서울특별시 서초구 반포동  107번지 45호  가동 1층,2층","3210000-101-2007-00237","한식","한우,탕","350.52","반포제4동","상수도전용","02  5953355"
"3210000","2013","1321","20130220","20130218","약초마을","서울특별시 서초구 강남대로2길 3, (양재동,1층)","서울특별시 서초구 양재동  353번지 5호  1층","3210000-101-2008-00039","한식","삼계탕","82.50","양재제2동","상수도전용","02   5775551"
"3210000","2013","1318","20121029","20130218","제주어항1950","서울특별시 서초구 방배로 189, 1층 (방배동)","서울특별시 서초구 방배동  836번지 5호  ","3210000-101-2004-00206","한식","순대국","153.79","방배본동","상수도전용","02  34828400"
"3210000","2012","0002","20120120","20120119","루안","서울특별시 서초구 방배중앙로 214, (방배동,지하1층)","서울특별시 서초구 방배동  751번지 1호  지하1층","3210000-101-2005-00122","중국식","중식","415.00","방배본동","상수도전용","02  536 0009"
"3210000","2012","0014","20111116","20120119","한우명가 노고단","서울특별시 서초구 법원로 16, (서초동,정곡빌딩 동관 지하15호)","서울특별시 서초구 서초동  1704번지 1호  정곡빌딩 동관 지하15호","3210000-101-2010-00548","한식","불고기","280.00","서초제1동","",""
"3210000","2012","0008","20111116","20120119","평가옥","서울특별시 서초구 논현로 69, (양재동,1층,2층)","서울특별시 서초구 양재동  277번지 2호  1층,2층","3210000-101-2007-00526","한식","","274.68","양재제2동","상수도전용","02  34621577"
"3210000","2012","0016","20111116","20120119","유다까 회전초밥전문점","서울특별시 서초구 방배로 215, (방배동,1층)","서울특별시 서초구 방배동  813번지 6호  1층","3210000-101-2007-00160","일식","초밥","170.23","방배제4동","상수도전용","02 5377714"
"3210000","2012","0017","20111116","20120119","평가옥(반포점)","서울특별시 서초구 사평대로 353, (반포동,서일빌딩 1층 (103-107호))","서울특별시 서초구 반포동  746번지 5호  서일빌딩 1층 (103-107호)","3210000-101-2002-00475","한식","냉면","310.83","반포본동","상수도전용","0234448030"
"3210000","2012","0009","20111116","20120119","강남본점","서울특별시 서초구 강남대로69길 11, 201호, 203호, 204호 (서초동)","서울특별시 서초구 서초동  1308번지  201호, 203호, 204호","3210000-101-2007-00609","한식","칼국수","189.47","서초제4동","상수도전용",""
"3210000","2010","0014","20100101","20100101","진상샤브샤브","서울특별시 서초구 효령로77길 30, 지하1층 (서초동, 강남역 푸르지오시티)","서울특별시 서초구 서초동  1337번지 3호  강남역 푸르지오시티 지하1층","3210000-101-2014-00546","한식","샤브샤브","205.54","서초제2동","","02  581 0092"
"3210000","2010","0024","20100226","20100630","하남돼지집 교대점","서울특별시 서초구 서초대로46길 99, 1층 (서초동)","서울특별시 서초구 서초동  1567번지 8호  1층","3210000-101-2005-00638","한식","고기류","140.00","서초제3동","상수도전용","02  34739282"
"3210000","2009","0052","20090406","20090724","구이마마","서울특별시 서초구 강남대로25길 59, (양재동,1층)","서울특별시 서초구 양재동  114번지  1층","3210000-101-2007-00163","한식","생삼겹","103.50","양재제1동","상수도전용","02 5757449"
"3210000","2009","0045","20090430","20090724","주식회사 서석대","서울특별시 서초구 서초대로 346, 102호 (서초동, 서초동 동아빌라트)","서울특별시 서초구 서초동  1678번지 1호  서초동 동아빌라트 102호","3210000-101-2005-00502","한식","한식","428.84","서초제4동","상수도전용","02  584 0990"
"3210000","2009","0015","20090520","20090724","주식회사 맛있는이야기 노랑저고리","서울특별시 서초구 서초대로73길 9, (서초동,타임빌딩 601호)","서울특별시 서초구 서초동  1316번지 29호  타임빌딩 601호","3210000-101-2005-00482","한식","노랑정식","348.32","서초제4동","상수도전용","02 5345300"
"3210000","2009","0062","20090406","20090724","정여사 손칼국수","서울특별시 서초구 바우뫼로 23, 201호 (우면동)","서울특별시 서초구 우면동  64번지 2호  -201","3210000-101-1995-07172","분식","칼국수","129.43","양재제1동","상수도전용","02   5442000"
"3210000","2009","0038","20090406","20090724","서초아구찜","서울특별시 서초구 효령로55길 15, 1층 105호 (서초동)","서울특별시 서초구 서초동  1588번지 8호  1층 105호","3210000-101-1992-03769","한식","아구찜","63.28","서초제2동","상수도전용",""
"3210000","2009","0001","20090406","20090724","황제","서울특별시 서초구 서래로7길 19, (반포동,(지상2층))","서울특별시 서초구 반포동  105번지 1호  (지상2층)","3210000-101-2004-00444","중국식","중국요리","91.08","반포제4동","상수도전용","02 5368820"
"3210000","2009","0007","20090508","20090724","서래본가","서울특별시 서초구 사평대로 126, (반포동,1층,2층,3층)","서울특별시 서초구 반포동  93번지 1호  1층,2층,3층","3210000-101-2007-00244","한식","갈비탕","907.10","반포제4동","상수도전용","0234779192"
"3210000","2009","0023","20090326","20090724","듬북담북(뱅뱅점)","서울특별시 서초구 효령로 430, 1층 (서초동)","서울특별시 서초구 서초동  1340번지 3호  1층","3210000-101-1994-09093","한식","북어국","148.79","서초제2동","상수도전용",""
"3210000","2009","0009","20090406","20090724","만다린","서울특별시 서초구 방배로6길 10-15, 1층 (방배동)","서울특별시 서초구 방배동  1020번지 2호  1층","3210000-101-2006-00125","중국식","중국요리","290.54","방배본동","상수도전용","02 5813366"
"3210000","2009","0051","20090406","20090724","황궁","서울특별시 서초구 법원로 15, 지하1층 (서초동)","서울특별시 서초구 서초동  1705번지  정곡빌딩서관 지하1층","3210000-101-1994-12550","중국식","중국요리","193.80","서초제3동","상수도전용","02 5998079"
"3210000","2009","0025","20090317","20090724","신선설농탕","서울특별시 서초구 효령로 322, (서초동,1층)","서울특별시 서초구 서초동  1443번지 8호  1층","3210000-101-2006-00172","한식","설렁탕","189.60","서초제1동","상수도전용","0234731155"
"3210000","2009","0050","20090318","20090724","기와집순두부","서울특별시 서초구 서초대로51길 21, (서초동)","서울특별시 서초구 서초동  1699번지 13호  ","3210000-101-1992-05515","한식","순두부","144.50","서초제4동","상수도전용","02 5990579"
"3210000","2008","0028","20080530","20080805","우리바다생태찌개","서울특별시 서초구 반포대로24길 82, (서초동,1층)","서울특별시 서초구 서초동  1564번지 12호  1층","3210000-101-2003-00259","한식","생태찌개","148.50","서초제3동","상수도전용","02 5820128"
"3210000","2008","0014","20080530","20080805","의정부 평양면옥","서울특별시 서초구 강남대로93길 28, 1,2층 (잠원동)","서울특별시 서초구 잠원동  29번지 23호  1,2층","3210000-101-2006-00336","한식","냉면","334.88","잠원동","","02547 6947"
"3210000","2008","0003","20080530","20080805","바르미샤브샤브앤칼국수","서울특별시 서초구 방배천로 11, 2층 202-2호 (방배동)","서울특별시 서초구 방배동  444번지 3호  2층-202-2","3210000-101-2007-00395","기타","","392.92","방배제2동","","000205971155"
"3210000","2008","0036","20080530","20080805","오선채","서울특별시 서초구 남부순환로 2634-8, 지하1층 (양재동)","서울특별시 서초구 양재동  1번지 23호  (지하 1층?)","3210000-101-1999-14338","한식","한정식","560.15","양재제1동","상수도전용","02   5789411"
"3210000","2008","0035","20080530","20080805","대나무골","서울특별시 서초구 법원로3길 15, (서초동)","서울특별시 서초구 서초동  1709번지 4호  ","3210000-101-1994-05363","한식","한정식","141.26","서초제3동","상수도전용","02 5338410"
"3210000","2008","0041","20080302","20080805","해늘찹쌀순대","서울특별시 서초구 동산로 89, 2층 (양재동)","서울특별시 서초구 양재동  289번지 8호  2층","3210000-101-2016-00505","한식","","101.88","양재제2동","","02  573 8292"
"3210000","2007","3   ","20070531","20070726","포폴라리타","서울특별시 서초구 사평대로22길 41, 1층 (반포동)","서울특별시 서초구 반포동  96번지 1호  1층","3210000-101-1996-09766","경양식","스파게티","79.74","반포제1동","상수도전용","02 5932340"
"3210000","2007","49  ","20070531","20070726","신태평양","서울특별시 서초구 서초대로 307, 지하1층 가호 (서초동)","서울특별시 서초구 서초동  1692번지 4호  지하1층-가","3210000-101-1996-08725","일식","모듬회","268.69","서초제4동","상수도전용","02 5340354"
"3210000","2007","46  ","20070531","20070726","늘봄웰봄","서울특별시 서초구 서초중앙로 188, (서초동, 아크로비스타지하1층지하A-105,A-106,A-107호)","서울특별시 서초구 서초동  1685번지 3호  아크로비스타지하1층지하A-105,A-106,A-107호","3210000-101-2004-00646","한식","등심","358.49","서초제4동","상수도전용","02 5888804"
"3210000","2007","36  ","20070531","20070726","봉추찜닭","서울특별시 서초구 반포대로28길 91, 101호 (서초동)","서울특별시 서초구 서초동  1574번지 6호  -101","3210000-101-1998-08678","한식","찜닭","80.84","서초제3동","상수도전용",""
"3210000","2007","51  ","20070531","20070726","장원한정식","서울특별시 서초구 법원로2길 19, (서초동)","서울특별시 서초구 서초동  1714번지 16호  ","3210000-101-2000-14610","한식","한정식","231.00","서초제3동","","02 5938449"
"3210000","2007","1   ","20070531","20070726","신가예촌","서울특별시 서초구 서운로 11, 서초대우디오빌 1층 106호 (서초동)","서울특별시 서초구 서초동  1355번지 17호  서초대우디오빌 1층 106호","3210000-101-1999-14235","한식","한정식","180.00","서초제1동","상수도전용","02 5250987"
"3210000","2007","47  ","20070531","20070726","태평양","서울특별시 서초구 서초중앙로24길 18, 지하1층 (서초동)","서울특별시 서초구 서초동  1691번지 1호  지하1층,","3210000-101-1990-08986","일식","모듬회","256.97","서초제4동","상수도전용",""
"3210000","2007","20  ","20070531","20070726","삼성각","서울특별시 서초구 서초대로78길 42, (서초동,2층)","서울특별시 서초구 서초동  1330번지 18호  2층","3210000-101-2006-00029","중국식","전가복","346.70","서초제4동","상수도전용","02  598 5553"
"3210000","2006","0022","20060630","20060727","서초 불쭈꾸미","서울특별시 서초구 서초대로42길 29, (서초동,지상1층)","서울특별시 서초구 서초동  1552번지 6호  지상1층","3210000-101-2003-00307","한식","설렁탕","132.00","서초제3동","상수도전용","0234869994"
"3210000","2006","0041","20060630","20060727","명동보리밥 방배점","서울특별시 서초구 서초대로 108, (방배동,지상2층 201호)","서울특별시 서초구 방배동  898번지 3호  지상2층 201호","3210000-101-2003-00161","한식","보리밥정식","165.00","방배제1동","상수도전용","0234713392"
"3210000","2006","0005","20060630","20060727","나나마구로","서울특별시 서초구 반포대로28길 65-4, 1,2층 (서초동)","서울특별시 서초구 서초동  1571번지 6호  1층, 2층","3210000-101-1991-11020","일식","참치회","201.97","서초제2동","상수도전용","02 5825674"
"3210000","2006","0046","20060630","20060727","방배골식당","서울특별시 서초구 방배로8길 6, (방배동,(지상2층))","서울특별시 서초구 방배동  1022번지 2호  (지상2층)","3210000-101-2004-00357","한식","한식","79.20","방배제3동","상수도전용","02 5885197"
"3210000","2006","0014","20060630","20060727","서동한우 강남점","서울특별시 서초구 서초대로74길 29, 201호,208호 (서초동, 서초파라곤)","서울특별시 서초구 서초동  1327번지 29호  서초파라곤 201호,208호","3210000-101-1987-05437","한식","한우구이","341.42","서초제1동","상수도전용","0234749297"
"3210000","2006","0028","20060630","20060727","송강","서울특별시 서초구 명달로9길 5, (방배동,1층)","서울특별시 서초구 방배동  1002번지 1호  1층","3210000-101-1998-12903","한식","복어, 장어요리","151.38","서초제3동","상수도전용","050714489288"
"3210000","2006","0029","20060630","20060727","참이맛 감자탕","서울특별시 서초구 사평대로56길 10, 1층 (서초동)","서울특별시 서초구 서초동  1302번지 44호  1층","3210000-101-1984-03928","한식","감자탕","199.92","서초제4동","상수도전용",""
"3210000","2005","0009","20050728","20050728","원당","서울특별시 서초구 반포대로28길 69, (서초동)","서울특별시 서초구 서초동  1571번지 26호  ","3210000-101-1994-05473","한식","감자탕","126.27","서초제3동","상수도전용","02 5833333"
"3210000","2005","0022","20050728","20050728","이남장(서초점)","서울특별시 서초구 서초대로49길 4, 1층,2층,3층 (서초동)","서울특별시 서초구 서초동  1715번지 1호  1층,2층,3층","3210000-101-2004-00073","한식","설렁탕","509.27","서초제3동","상수도전용","02  592 0268"
"3210000","2005","0025","20050728","20050728","진대감","서울특별시 서초구 나루터로12길 18, 1층 (잠원동, 수인빌딩)","서울특별시 서초구 잠원동  23번지 8호  수인빌딩 지상1층","3210000-101-2004-00613","한식","순대국","206.11","잠원동","상수도전용",""
"3210000","2005","0040","20050728","20050728","송이하랑","서울특별시 서초구 서초대로 21, (방배동,지상1층,2층)","서울특별시 서초구 방배동  866번지 6호  지상1층,2층","3210000-101-2004-00645","한식","삼겹살","148.00","방배제4동","상수도전용","02 5994499"
"3210000","2005","0039","20050728","20050728","갈비사랑","서울특별시 서초구 강남대로 204, 지층,지상1,2,3,4,5층 (양재동)","서울특별시 서초구 양재동  14번지 3호  지1층,지상1,2,3,4,5층","3210000-101-2004-00627","한식","돼지갈비","1159.74","양재제1동","상수도전용","0234636800"
"3210000","2005","0017","20050728","20050728","북해도","서울특별시 서초구 서초대로 265, 지하1층 (서초동)","서울특별시 서초구 서초동  1717번지 6호  지하1층","3210000-101-1993-05669","일식","회정식","206.84","서초제3동","상수도전용","02 5320933"
"3210000","2004","0016","20040719","20040816","가조고향마을","서울특별시 서초구 반포대로30길 18, (서초동,1층)","서울특별시 서초구 서초동  1552번지 16호  1층","3210000-101-2003-00386","한식","등심","148.50","서초제3동","상수도전용","02 5840199"
"3210000","2004","0007","20040719","20040816","초선과여포","서울특별시 서초구 서초대로78길 44, (서초동,201호)","서울특별시 서초구 서초동  1330번지 16호  201호","3210000-101-2003-00245","중국식","깐쇼새우","92.40","서초제2동","상수도전용",""
"3210000","2003","0175","20030618","20030718","삼호복집","서울특별시 서초구 강남대로99길 19, 용량빌딩 1층 (잠원동)","서울특별시 서초구 잠원동  22번지 17호  용량빌딩 1층","3210000-101-1987-04715","복어취급","복매운탕","151.45","잠원동","상수도(음용)지하수(주방용)겸용","02 5427296"
"3210000","2003","0100","20030618","20030718","서초정육식당","서울특별시 서초구 서초대로38길 51, (서초동)","서울특별시 서초구 서초동  1503번지 19호  ","3210000-101-1988-04336","한식","등심","85.00","서초제3동","상수도전용","02 5880290"
"3210000","2003","0075","20030618","20030718","서초버드나무집","서울특별시 서초구 효령로 434, (서초동)","서울특별시 서초구 서초동  1340번지 5호  ","3210000-101-1985-05161","한식","갈비탕","839.07","서초제2동","상수도전용","02  34738354"
"3210000","2003","0186","20030618","20030718","진동둔횟집","서울특별시 서초구 강남대로91길 18, 지하1층,1층,2층 (잠원동)","서울특별시 서초구 잠원동  36번지 18호  지하1층,1층,2층","3210000-101-1998-08681","일식","대구탕","948.82","잠원동","상수도전용","02  543 3849"
"3210000","2003","0291","20030618","20030718","한촌설렁탕","서울특별시 서초구 동산로 87, (양재동)","서울특별시 서초구 양재동  289번지 9호  ","3210000-101-1998-13104","한식","설렁탕","102.35","양재제2동","상수도전용","02 5746767"
"3210000","2003","0099","20030618","20030718","영변","서울특별시 서초구 반포대로23길 22, 2층 (서초동, 영변빌딩)","서울특별시 서초구 서초동  1503번지 13호  2층","3210000-101-1993-09167","일식","회정식","161.58","서초제1동","상수도전용","02 5831123"
"3210000","2003","0183","20030618","20030718","봉평고향메밀촌","서울특별시 서초구 신반포로45길 26, 동화빌딩 1층 (잠원동)","서울특별시 서초구 잠원동  39번지 1호  동화빌딩 1층","3210000-101-1991-03816","한식","막국수","106.34","잠원동","상수도전용","02 5117888"
"3210000","2003","0139","20030618","20030718","오발탄","서울특별시 서초구 반포대로 154, 1,2,3층 (서초동)","서울특별시 서초구 서초동  1720번지 1호  1,2,3층","3210000-101-1999-14236","한식","양대창구이","683.77","서초제3동","상수도전용","02 5916657"
"3210000","2003","0054","20030618","20030718","우작설렁탕","서울특별시 서초구 서초중앙로6길 7, (서초동)","서울특별시 서초구 서초동  1621번지 5호  ","3210000-101-1992-05259","한식","설렁탕","110.57","서초제1동","상수도전용","02 5848544"
"3210000","2003","0094","20030618","20030718","소들녘 서초점","서울특별시 서초구 효령로 232, 1,2층 (서초동)","서울특별시 서초구 서초동  1485번지 5호  (소방 1 2층)","3210000-101-1993-05686","한식","소불고기","571.66","서초제3동","상수도전용","02 5830505"
"3210000","2003","0173","20030618","20030718","내고향본가","서울특별시 서초구 나루터로 69, 샤르망 101호 (잠원동)","서울특별시 서초구 잠원동  15번지 4호  샤르망","3210000-101-1995-02625","한식","남도요리","124.42","잠원동","상수도전용","02 5406331"
"3210000","2003","0224","20030618","20030718","조가네 갑오징어 방배카페거리점","서울특별시 서초구 방배중앙로 173, 1층 (방배동)","서울특별시 서초구 방배동  768번지 13호  1층","3210000-101-1992-04966","한식","국밥","134.30","방배본동","상수도전용","02 5364842"
"3210000","2003","0136","20030618","20030718","서초원","서울특별시 서초구 서초대로 283, (서초동)","서울특별시 서초구 서초동  1715번지 10호  (지하 1층?)","3210000-101-1992-05156","한식","한정식","451.61","서초제3동","상수도전용","02 5960927"
"3210000","2003","0284","20030618","20030718","(주)배나무골","서울특별시 서초구 마방로2길 12, (양재동)","서울특별시 서초구 양재동  241번지 3호  ","3210000-101-1999-03985","한식","오리","231.76","양재제2동","상수도전용","02 5715252"
"3210000","2003","0072","20030618","20030718","삼호복집","서울특별시 서초구 강남대로51길 5, (서초동)","서울특별시 서초구 서초동  1338번지 10호  ","3210000-101-1987-05074","복어취급","복지리","239.80","서초제2동","상수도전용","02  542 7296"